"source_doc","article","local_image","annotation_notes","final_sharepoint_url"
"TipSheets/TipSheets/Cornerstone Tip Sheet - Create Material.docx","docs/content-create-material.md","assets/images-staged/create-material/step-02.png","URL and Upload Material radio controls marked with subtle warm-coral halos; derived from embedded Word screenshot.",""
"TipSheets/TipSheets/Cornerstone Tip Sheet - Create Material.docx","docs/content-create-material.md","assets/images-staged/create-material/step-03.png","Choose File, Upload, and Save controls marked with thin warm-coral focus rings; derived from embedded Word screenshot.",""
"TipSheets/TipSheets/Cornerstone Tip Sheet - Test Creation.docx","docs/content-create-test.md","assets/images-staged/create-test/step-01.png","Question Bank control marked with warm-coral focus ring; cropped from embedded Word screenshot.",""
"TipSheets/TipSheets/Cornerstone Tip Sheet - Test Creation.docx","docs/content-create-test.md","assets/images-staged/create-test/step-02.png","Categories tab and Create New Category control marked with warm-coral focus rings; derived from embedded Word screenshot.",""
"TipSheets/TipSheets/Cornerstone Tip Sheet - Test Creation.docx","docs/content-create-test.md","assets/images-staged/create-test/step-03.png","Category Title and Save controls marked with warm-coral focus rings; derived from embedded Word screenshot.",""
"TipSheets/TipSheets/Cornerstone Tip Sheet - Test Creation.docx","docs/content-create-test.md","assets/images-staged/create-test/step-04.png","Create New Question control marked with warm-coral focus ring; cropped from embedded Word screenshot.",""
"TipSheets/TipSheets/Cornerstone Tip Sheet - Test Creation.docx","docs/content-create-test.md","assets/images-staged/create-test/step-05.png","Question text, response type, response choice, and answer controls marked with warm-coral focus rings; derived from embedded Word screenshot.",""
"TipSheets/TipSheets/Cornerstone Tip Sheet - Test Creation.docx","docs/content-create-test.md","assets/images-staged/create-test/step-06.png","Category and Submit controls marked with warm-coral focus rings; derived from embedded Word screenshot.",""
"TipSheets/TipSheets/Cornerstone Tip Sheet - Test Creation.docx","docs/content-create-test.md","assets/images-staged/create-test/step-07.png","Test Engine control marked with warm-coral focus ring; cropped from embedded Word screenshot.",""
"TipSheets/TipSheets/Cornerstone Tip Sheet - Test Creation.docx","docs/content-create-test.md","assets/images-staged/create-test/step-08.png","Create New Test control marked with warm-coral focus ring; cropped from embedded Word screenshot.",""
"TipSheets/TipSheets/Cornerstone Tip Sheet - Test Creation.docx","docs/content-create-test.md","assets/images-staged/create-test/step-09.png","Test settings cropped for readability and marked with warm-coral focus rings; derived from embedded Word screenshot.",""
"TipSheets/TipSheets/Cornerstone Tip Sheet - Test Creation.docx","docs/content-create-test.md","assets/images-staged/create-test/step-10.png","Add Question control marked with warm-coral focus ring; derived from embedded Word screenshot.",""
"TipSheets/TipSheets/Cornerstone Tip Sheet - Test Creation.docx","docs/content-create-test.md","assets/images-staged/create-test/step-11.png","Add All Questions and Done controls marked with warm-coral focus rings; author name redacted; derived from embedded Word screenshot.",""
"TipSheets/TipSheets/Cornerstone Tip Sheet - Learning Assignment Tool.docx","docs/admin-learning-assignment-tool.md","assets/images-staged/learning-assignment-tool/step-01.png","Create Assignment control marked with warm-coral focus ring; created-by names redacted; derived from embedded Word screenshot.",""
"TipSheets/TipSheets/Cornerstone Tip Sheet - Learning Assignment Tool.docx","docs/admin-learning-assignment-tool.md","assets/images-staged/learning-assignment-tool/step-02.png","Title, description, Select Training, and Next controls marked with warm-coral focus rings; derived from embedded Word screenshot.",""
"TipSheets/TipSheets/Cornerstone Tip Sheet - Learning Assignment Tool.docx","docs/admin-learning-assignment-tool.md","assets/images-staged/learning-assignment-tool/step-03.png","Assignment workflow and corrected email checkbox controls marked with warm-coral focus rings; derived from embedded Word screenshot.",""
"TipSheets/TipSheets/Cornerstone Tip Sheet - Learning Assignment Tool.docx","docs/admin-learning-assignment-tool.md","assets/images-staged/learning-assignment-tool/step-04.png","Custom Emails setting and Set Custom Emails control marked with warm-coral focus rings; cropped from embedded Word screenshot.",""
"TipSheets/TipSheets/Cornerstone Tip Sheet - Learning Assignment Tool.docx","docs/admin-learning-assignment-tool.md","assets/images-staged/learning-assignment-tool/step-05.png","Training is Due row, Active checkbox, and Save control marked with warm-coral focus rings; derived from embedded Word screenshot.",""
"TipSheets/TipSheets/Cornerstone Tip Sheet - Learning Assignment Tool.docx","docs/admin-learning-assignment-tool.md","assets/images-staged/learning-assignment-tool/step-06.png","Training Due Date section cropped and marked with warm-coral focus rings; derived from embedded Word screenshot.",""
"TipSheets/TipSheets/Cornerstone Tip Sheet - Learning Assignment Tool.docx","docs/admin-learning-assignment-tool.md","assets/images-staged/learning-assignment-tool/step-07.png","User criteria, Assign New Occurrence, Generate Initial User List, and Next controls marked with warm-coral focus rings; derived from embedded Word screenshot.",""
"TipSheets/TipSheets/Cornerstone Tip Sheet - Learning Assignment Tool.docx","docs/admin-learning-assignment-tool.md","assets/images-staged/learning-assignment-tool/step-08.png","Generate Initial User List and Next controls marked with warm-coral focus rings in a close crop from embedded Word screenshot.",""
"TipSheets/TipSheets/Cornerstone Tip Sheet - Learning Assignment Tool.docx","docs/admin-learning-assignment-tool.md","assets/images-staged/learning-assignment-tool/step-09.png","Initial User List controls marked and learner names, IDs, and org data redacted; derived from embedded Word screenshot.",""
"TipSheets/TipSheets/Cornerstone Tip Sheet - Learning Assignment Tool.docx","docs/admin-learning-assignment-tool.md","assets/images-staged/learning-assignment-tool/step-10.png","Training progress total marked with warm-coral focus ring; created-by name redacted; derived from embedded Word screenshot.",""
"TipSheets/TipSheets/Cornerstone Tip Sheet - Grade Checklists.docx","docs/checklists-grade-checklists.md","assets/images-staged/grade-checklists/step-01.png","Grade Checklists menu item marked and example profile name redacted; derived from embedded Word screenshot.",""
"TipSheets/TipSheets/Cornerstone Tip Sheet - Grade Checklists.docx","docs/checklists-grade-checklists.md","assets/images-staged/grade-checklists/step-02.png","Search controls marked and learner and manager names redacted; derived from embedded Word screenshot.",""
"TipSheets/TipSheets/Cornerstone Tip Sheet - Grade Checklists.docx","docs/checklists-grade-checklists.md","assets/images-staged/grade-checklists/step-03.png","Checklist row, date, rating, Observation Notes, and Sign controls marked; signature name redacted; cropped for readability from embedded Word screenshot.",""
"TipSheets/TipSheets/Cornerstone Tip Sheet - Grade Checklists.docx","docs/checklists-grade-checklists.md","assets/images-staged/grade-checklists/step-04.png","Submit For Approval control marked with warm-coral focus ring; derived from embedded Word screenshot.",""
"TipSheets/TipSheets/Cornerstone Tip Sheet - Printing Transcript Report.docx","docs/learner-print-transcript-report.md","assets/images-staged/print-transcript-report/step-01.png","My Transcript tile marked with warm-coral focus ring; derived from embedded Word screenshot.",""
"TipSheets/TipSheets/Cornerstone Tip Sheet - Printing Transcript Report.docx","docs/learner-print-transcript-report.md","assets/images-staged/print-transcript-report/step-02.png","Transcript actions menu and Run Transcript Report marked with warm-coral focus rings; derived from embedded Word screenshot.",""
"TipSheets/TipSheets/Cornerstone Tip Sheet - Printing Transcript Report.docx","docs/learner-print-transcript-report.md","assets/images-staged/print-transcript-report/step-03.png","Training, credit detail, and Run Report controls marked with warm-coral focus rings; derived from embedded Word screenshot.",""
"TipSheets/TipSheets/Auto Assign Dashboard Tip Sheet.docx","docs/admin-auto-assign-dashboard.md","assets/images-staged/admin-auto-assign-dashboard/step-01.png","Extracted from source tip sheet; legacy screenshot callouts preserved for review.",""
"TipSheets/TipSheets/Auto Assign Dashboard Tip Sheet.docx","docs/admin-auto-assign-dashboard.md","assets/images-staged/admin-auto-assign-dashboard/step-02.png","Extracted from source tip sheet; legacy screenshot callouts preserved for review.",""
"TipSheets/TipSheets/Auto Assign Dashboard Tip Sheet.docx","docs/admin-auto-assign-dashboard.md","assets/images-staged/admin-auto-assign-dashboard/step-03.png","Extracted from source tip sheet; legacy screenshot callouts preserved for review.",""
"TipSheets/TipSheets/Auto Assign Dashboard Tip Sheet.docx","docs/admin-auto-assign-dashboard.md","assets/images-staged/admin-auto-assign-dashboard/step-04.png","Extracted from source tip sheet; legacy screenshot callouts preserved for review.",""
"TipSheets/TipSheets/Auto Assign Dashboard Tip Sheet.docx","docs/admin-auto-assign-dashboard.md","assets/images-staged/admin-auto-assign-dashboard/step-05.png","Extracted from source tip sheet; legacy screenshot callouts preserved for review.",""
"TipSheets/TipSheets/Auto Assign Dashboard Tip Sheet.docx","docs/admin-auto-assign-dashboard.md","assets/images-staged/admin-auto-assign-dashboard/step-06.png","Extracted from source tip sheet; legacy screenshot callouts preserved for review.",""
"TipSheets/TipSheets/Auto Assign Dashboard Tip Sheet.docx","docs/admin-auto-assign-dashboard.md","assets/images-staged/admin-auto-assign-dashboard/step-07.png","Extracted from source tip sheet; legacy screenshot callouts preserved for review.",""
"TipSheets/TipSheets/Auto Assign Dashboard Tip Sheet.docx","docs/admin-auto-assign-dashboard.md","assets/images-staged/admin-auto-assign-dashboard/step-08.png","Extracted from source tip sheet; legacy screenshot callouts preserved for review.",""
"TipSheets/TipSheets/Auto Assign Dashboard Tip Sheet.docx","docs/admin-auto-assign-dashboard.md","assets/images-staged/admin-auto-assign-dashboard/step-09.png","Extracted from source tip sheet; legacy screenshot callouts preserved for review.",""
"TipSheets/TipSheets/Cornerstone Tip Sheet - Add a Note (Curriculum).docx","docs/content-add-curriculum-note.md","assets/images-staged/content-add-curriculum-note/step-01.png","Extracted from source tip sheet; legacy screenshot callouts preserved for review.",""
"TipSheets/TipSheets/Cornerstone Tip Sheet - Add a Note (Curriculum).docx","docs/content-add-curriculum-note.md","assets/images-staged/content-add-curriculum-note/step-02.png","Extracted from source tip sheet; legacy screenshot callouts preserved for review.",""
"TipSheets/TipSheets/Cornerstone Tip Sheet - Add a Note (Curriculum).docx","docs/content-add-curriculum-note.md","assets/images-staged/content-add-curriculum-note/step-04.png","Extracted from source tip sheet; legacy screenshot callouts preserved for review.",""
"TipSheets/TipSheets/Cornerstone Tip Sheet - Add a Note (Curriculum).docx","docs/content-add-curriculum-note.md","assets/images-staged/content-add-curriculum-note/step-05.png","Extracted from source tip sheet; legacy screenshot callouts preserved for review.",""
"TipSheets/TipSheets/Cornerstone Tip Sheet - Add a Note (Curriculum).docx","docs/content-add-curriculum-note.md","assets/images-staged/content-add-curriculum-note/step-06.png","Extracted from source tip sheet; legacy screenshot callouts preserved for review.",""
"TipSheets/TipSheets/Cornerstone Tip Sheet - Add User.docx","docs/admin-add-external-user.md","assets/images-staged/admin-add-external-user/step-01.png","Extracted from source tip sheet; legacy screenshot callouts preserved for review.",""
"TipSheets/TipSheets/Cornerstone Tip Sheet - Add User.docx","docs/admin-add-external-user.md","assets/images-staged/admin-add-external-user/step-03.png","Extracted from source tip sheet; legacy screenshot callouts preserved for review.",""
"TipSheets/TipSheets/Cornerstone Tip Sheet - Add User.docx","docs/admin-add-external-user.md","assets/images-staged/admin-add-external-user/step-04.png","Extracted from source tip sheet; legacy screenshot callouts preserved for review.",""
"TipSheets/TipSheets/Cornerstone Tip Sheet - Adding Learner to Session Roster.docx","docs/sessions-add-learner-to-roster.md","assets/images-staged/sessions-add-learner-to-roster/step-01.png","Extracted from source tip sheet; legacy screenshot callouts preserved for review.",""
"TipSheets/TipSheets/Cornerstone Tip Sheet - Adding Learner to Session Roster.docx","docs/sessions-add-learner-to-roster.md","assets/images-staged/sessions-add-learner-to-roster/step-02.png","Extracted from source tip sheet; legacy screenshot callouts preserved for review.",""
"TipSheets/TipSheets/Cornerstone Tip Sheet - Adding Learner to Session Roster.docx","docs/sessions-add-learner-to-roster.md","assets/images-staged/sessions-add-learner-to-roster/step-03.png","Extracted from source tip sheet; legacy screenshot callouts preserved for review.",""
"TipSheets/TipSheets/Cornerstone Tip Sheet - Adding Learner to Session Roster.docx","docs/sessions-add-learner-to-roster.md","assets/images-staged/sessions-add-learner-to-roster/step-04.png","Extracted from source tip sheet; legacy screenshot callouts preserved for review.",""
"TipSheets/TipSheets/Cornerstone Tip Sheet - Adding Learner to Session Roster.docx","docs/sessions-add-learner-to-roster.md","assets/images-staged/sessions-add-learner-to-roster/step-05.png","Extracted from source tip sheet; legacy screenshot callouts preserved for review.",""
"TipSheets/TipSheets/Cornerstone Tip Sheet - Adding Learner to Session Roster.docx","docs/sessions-add-learner-to-roster.md","assets/images-staged/sessions-add-learner-to-roster/step-06.png","Extracted from source tip sheet; legacy screenshot callouts preserved for review.",""
"TipSheets/TipSheets/Cornerstone Tip Sheet - Adding Learner to Session Roster.docx","docs/sessions-add-learner-to-roster.md","assets/images-staged/sessions-add-learner-to-roster/step-07.png","Extracted from source tip sheet; legacy screenshot callouts preserved for review.",""
"TipSheets/TipSheets/Cornerstone Tip Sheet - Adding Learners to a Session Roster.docx","docs/sessions-add-learners-to-roster.md","assets/images-staged/sessions-add-learners-to-roster/step-02.png","Extracted from source tip sheet; legacy screenshot callouts preserved for review.",""
"TipSheets/TipSheets/Cornerstone Tip Sheet - Adding Learners to a Session Roster.docx","docs/sessions-add-learners-to-roster.md","assets/images-staged/sessions-add-learners-to-roster/step-05.png","Extracted from source tip sheet; legacy screenshot callouts preserved for review.",""
"TipSheets/TipSheets/Cornerstone Tip Sheet - Adding Learners to a Session Roster.docx","docs/sessions-add-learners-to-roster.md","assets/images-staged/sessions-add-learners-to-roster/step-07.png","Extracted from source tip sheet; legacy screenshot callouts preserved for review.",""
"TipSheets/TipSheets/Cornerstone Tip Sheet - Adding Learners to a Session Roster.docx","docs/sessions-add-learners-to-roster.md","assets/images-staged/sessions-add-learners-to-roster/step-08.png","Extracted from source tip sheet; legacy screenshot callouts preserved for review.",""
"TipSheets/TipSheets/Cornerstone Tip Sheet - Adding Learners to a Session Roster.docx","docs/sessions-add-learners-to-roster.md","assets/images-staged/sessions-add-learners-to-roster/step-12.png","Extracted from source tip sheet; legacy screenshot callouts preserved for review.",""
"TipSheets/TipSheets/Cornerstone Tip Sheet - Adding Learners to a Session Roster.docx","docs/sessions-add-learners-to-roster.md","assets/images-staged/sessions-add-learners-to-roster/step-13.png","Extracted from source tip sheet; legacy screenshot callouts preserved for review.",""
"TipSheets/TipSheets/Cornerstone Tip Sheet - Adding Learners to a Session Roster.docx","docs/sessions-add-learners-to-roster.md","assets/images-staged/sessions-add-learners-to-roster/step-14.png","Extracted from source tip sheet; legacy screenshot callouts preserved for review.",""
"TipSheets/TipSheets/Cornerstone Tip Sheet - Creating a Video Lesson.docx","docs/content-create-video-lesson.md","assets/images-staged/content-create-video-lesson/step-01.png","Extracted from source tip sheet; legacy screenshot callouts preserved for review.",""
"TipSheets/TipSheets/Cornerstone Tip Sheet - Creating a Video Lesson.docx","docs/content-create-video-lesson.md","assets/images-staged/content-create-video-lesson/step-02.png","Extracted from source tip sheet; legacy screenshot callouts preserved for review.",""
"TipSheets/TipSheets/Cornerstone Tip Sheet - Creating a Video Lesson.docx","docs/content-create-video-lesson.md","assets/images-staged/content-create-video-lesson/step-03.png","Extracted from source tip sheet; legacy screenshot callouts preserved for review.",""
"TipSheets/TipSheets/Cornerstone Tip Sheet - Creating a Video Lesson.docx","docs/content-create-video-lesson.md","assets/images-staged/content-create-video-lesson/step-04.png","Extracted from source tip sheet; legacy screenshot callouts preserved for review.",""
"TipSheets/TipSheets/Cornerstone Tip Sheet - Edit Due Dates.docx","docs/admin-edit-due-dates.md","assets/images-staged/admin-edit-due-dates/step-01.png","Extracted from source tip sheet; legacy screenshot callouts preserved for review.",""
"TipSheets/TipSheets/Cornerstone Tip Sheet - Edit Due Dates.docx","docs/admin-edit-due-dates.md","assets/images-staged/admin-edit-due-dates/step-02.png","Extracted from source tip sheet; legacy screenshot callouts preserved for review.",""
"TipSheets/TipSheets/Cornerstone Tip Sheet - Edit Session (Date Time Location).docx","docs/sessions-edit-date-time-location.md","assets/images-staged/sessions-edit-date-time-location/step-02.png","Extracted from source tip sheet; legacy screenshot callouts preserved for review.",""
"TipSheets/TipSheets/Cornerstone Tip Sheet - Edit Session (Date Time Location).docx","docs/sessions-edit-date-time-location.md","assets/images-staged/sessions-edit-date-time-location/step-03.png","Extracted from source tip sheet; legacy screenshot callouts preserved for review.",""
"TipSheets/TipSheets/Cornerstone Tip Sheet - Edit Session (Date Time Location).docx","docs/sessions-edit-date-time-location.md","assets/images-staged/sessions-edit-date-time-location/step-04.png","Extracted from source tip sheet; legacy screenshot callouts preserved for review.",""
"TipSheets/TipSheets/Cornerstone Tip Sheet - Edit Session (Date Time Location).docx","docs/sessions-edit-date-time-location.md","assets/images-staged/sessions-edit-date-time-location/step-05.png","Extracted from source tip sheet; legacy screenshot callouts preserved for review.",""
"TipSheets/TipSheets/Cornerstone Tip Sheet - Edit Session (Date Time Location).docx","docs/sessions-edit-date-time-location.md","assets/images-staged/sessions-edit-date-time-location/step-06.png","Extracted from source tip sheet; legacy screenshot callouts preserved for review.",""
"TipSheets/TipSheets/Cornerstone Tip Sheet - Edit Session (Date Time Location).docx","docs/sessions-edit-date-time-location.md","assets/images-staged/sessions-edit-date-time-location/step-07.png","Extracted from source tip sheet; legacy screenshot callouts preserved for review.",""
"TipSheets/TipSheets/Cornerstone Tip Sheet - Edit Session (Date Time Location).docx","docs/sessions-edit-date-time-location.md","assets/images-staged/sessions-edit-date-time-location/step-08.png","Extracted from source tip sheet; legacy screenshot callouts preserved for review.",""
"TipSheets/TipSheets/Cornerstone Tip Sheet - Edit Validation Details.docx","docs/checklists-edit-validation-details.md","assets/images-staged/checklists-edit-validation-details/step-01.png","Extracted from source tip sheet; legacy screenshot callouts preserved for review.",""
"TipSheets/TipSheets/Cornerstone Tip Sheet - Edit Validation Details.docx","docs/checklists-edit-validation-details.md","assets/images-staged/checklists-edit-validation-details/step-02.png","Extracted from source tip sheet; legacy screenshot callouts preserved for review.",""
"TipSheets/TipSheets/Cornerstone Tip Sheet - Edit Validation Details.docx","docs/checklists-edit-validation-details.md","assets/images-staged/checklists-edit-validation-details/step-03.png","Extracted from source tip sheet; legacy screenshot callouts preserved for review.",""
"TipSheets/TipSheets/Cornerstone Tip Sheet - Edit Validation Details.docx","docs/checklists-edit-validation-details.md","assets/images-staged/checklists-edit-validation-details/step-04.png","Extracted from source tip sheet; legacy screenshot callouts preserved for review.",""
"TipSheets/TipSheets/Cornerstone Tip Sheet - Edit Validation Details.docx","docs/checklists-edit-validation-details.md","assets/images-staged/checklists-edit-validation-details/step-05.png","Extracted from source tip sheet; legacy screenshot callouts preserved for review.",""
"TipSheets/TipSheets/Cornerstone Tip Sheet - Edit Validation Details.docx","docs/checklists-edit-validation-details.md","assets/images-staged/checklists-edit-validation-details/step-06.png","Extracted from source tip sheet; legacy screenshot callouts preserved for review.",""
"TipSheets/TipSheets/Cornerstone Tip Sheet - Enroll in Basic Life Support.docx","docs/learner-enroll-basic-life-support.md","assets/images-staged/learner-enroll-basic-life-support/step-01.png","Extracted from source tip sheet; legacy screenshot callouts preserved for review.",""
"TipSheets/TipSheets/Cornerstone Tip Sheet - Enroll in Basic Life Support.docx","docs/learner-enroll-basic-life-support.md","assets/images-staged/learner-enroll-basic-life-support/step-02.png","Extracted from source tip sheet; legacy screenshot callouts preserved for review.",""
"TipSheets/TipSheets/Cornerstone Tip Sheet - Enroll in Basic Life Support.docx","docs/learner-enroll-basic-life-support.md","assets/images-staged/learner-enroll-basic-life-support/step-03.png","Extracted from source tip sheet; legacy screenshot callouts preserved for review.",""
"TipSheets/TipSheets/Cornerstone Tip Sheet - Enroll in Basic Life Support.docx","docs/learner-enroll-basic-life-support.md","assets/images-staged/learner-enroll-basic-life-support/step-04.png","Extracted from source tip sheet; legacy screenshot callouts preserved for review.",""
"TipSheets/TipSheets/Cornerstone Tip Sheet - Enroll in Safety Always.docx","docs/learner-enroll-safety-always.md","assets/images-staged/learner-enroll-safety-always/step-01.png","Extracted from source tip sheet; legacy screenshot callouts preserved for review.",""
"TipSheets/TipSheets/Cornerstone Tip Sheet - Enroll in Safety Always.docx","docs/learner-enroll-safety-always.md","assets/images-staged/learner-enroll-safety-always/step-02.png","Extracted from source tip sheet; legacy screenshot callouts preserved for review.",""
"TipSheets/TipSheets/Cornerstone Tip Sheet - Enroll in Safety Always.docx","docs/learner-enroll-safety-always.md","assets/images-staged/learner-enroll-safety-always/step-03.png","Extracted from source tip sheet; legacy screenshot callouts preserved for review.",""
"TipSheets/TipSheets/Cornerstone Tip Sheet - Enroll in Safety Always.docx","docs/learner-enroll-safety-always.md","assets/images-staged/learner-enroll-safety-always/step-04.png","Extracted from source tip sheet; legacy screenshot callouts preserved for review.",""
"TipSheets/TipSheets/Cornerstone Tip Sheet - Grading Free Form Essay.docx","docs/tests-grade-free-form-essay.md","assets/images-staged/tests-grade-free-form-essay/step-01.png","Extracted from source tip sheet; legacy screenshot callouts preserved for review.",""
"TipSheets/TipSheets/Cornerstone Tip Sheet - Grading Free Form Essay.docx","docs/tests-grade-free-form-essay.md","assets/images-staged/tests-grade-free-form-essay/step-02.png","Extracted from source tip sheet; legacy screenshot callouts preserved for review.",""
"TipSheets/TipSheets/Cornerstone Tip Sheet - Grading Free Form Essay.docx","docs/tests-grade-free-form-essay.md","assets/images-staged/tests-grade-free-form-essay/step-03.png","Extracted from source tip sheet; legacy screenshot callouts preserved for review.",""
"TipSheets/TipSheets/Cornerstone Tip Sheet - How to Access Previously Completed Training.docx","docs/learner-access-completed-training.md","assets/images-staged/learner-access-completed-training/step-01.png","Extracted from source tip sheet; legacy screenshot callouts preserved for review.",""
"TipSheets/TipSheets/Cornerstone Tip Sheet - How to Access Previously Completed Training.docx","docs/learner-access-completed-training.md","assets/images-staged/learner-access-completed-training/step-02.png","Extracted from source tip sheet; legacy screenshot callouts preserved for review.",""
"TipSheets/TipSheets/Cornerstone Tip Sheet - How to Access Previously Completed Training.docx","docs/learner-access-completed-training.md","assets/images-staged/learner-access-completed-training/step-03.png","Extracted from source tip sheet; legacy screenshot callouts preserved for review.",""
"TipSheets/TipSheets/Cornerstone Tip Sheet - How to Run 'Time Spent' Report.docx","docs/reports-time-spent.md","assets/images-staged/reports-time-spent/step-01.png","Extracted from source tip sheet; legacy screenshot callouts preserved for review.",""
"TipSheets/TipSheets/Cornerstone Tip Sheet - How to Run 'Time Spent' Report.docx","docs/reports-time-spent.md","assets/images-staged/reports-time-spent/step-02.png","Extracted from source tip sheet; legacy screenshot callouts preserved for review.",""
"TipSheets/TipSheets/Cornerstone Tip Sheet - How to Run 'Time Spent' Report.docx","docs/reports-time-spent.md","assets/images-staged/reports-time-spent/step-03.png","Extracted from source tip sheet; legacy screenshot callouts preserved for review.",""
"TipSheets/TipSheets/Cornerstone Tip Sheet - How to Run 'Time Spent' Report.docx","docs/reports-time-spent.md","assets/images-staged/reports-time-spent/step-04.png","Extracted from source tip sheet; legacy screenshot callouts preserved for review.",""
"TipSheets/TipSheets/Cornerstone Tip Sheet - How to Run 'Time Spent' Report.docx","docs/reports-time-spent.md","assets/images-staged/reports-time-spent/step-05.png","Extracted from source tip sheet; legacy screenshot callouts preserved for review.",""
"TipSheets/TipSheets/Cornerstone Tip Sheet - How to Run 'Time Spent' Report.docx","docs/reports-time-spent.md","assets/images-staged/reports-time-spent/step-06.png","Extracted from source tip sheet; legacy screenshot callouts preserved for review.",""
"TipSheets/TipSheets/Cornerstone Tip Sheet - How to Run 'Time Spent' Report.docx","docs/reports-time-spent.md","assets/images-staged/reports-time-spent/step-08.png","Extracted from source tip sheet; legacy screenshot callouts preserved for review.",""
"TipSheets/TipSheets/Cornerstone Tip Sheet - Interest Tracking for ITL Admins.docx","docs/sessions-interest-tracking-ilt-admins.md","assets/images-staged/sessions-interest-tracking-ilt-admins/step-01.png","Extracted from source tip sheet; legacy screenshot callouts preserved for review.",""
"TipSheets/TipSheets/Cornerstone Tip Sheet - Interest Tracking for ITL Admins.docx","docs/sessions-interest-tracking-ilt-admins.md","assets/images-staged/sessions-interest-tracking-ilt-admins/step-02.png","Extracted from source tip sheet; legacy screenshot callouts preserved for review.",""
"TipSheets/TipSheets/Cornerstone Tip Sheet - Interest Tracking for ITL Admins.docx","docs/sessions-interest-tracking-ilt-admins.md","assets/images-staged/sessions-interest-tracking-ilt-admins/step-03.png","Extracted from source tip sheet; legacy screenshot callouts preserved for review.",""
"TipSheets/TipSheets/Cornerstone Tip Sheet - Interest Tracking for ITL Admins.docx","docs/sessions-interest-tracking-ilt-admins.md","assets/images-staged/sessions-interest-tracking-ilt-admins/step-04.png","Extracted from source tip sheet; legacy screenshot callouts preserved for review.",""
"TipSheets/TipSheets/Cornerstone Tip Sheet - Interest Tracking for Sessions.docx","docs/sessions-interest-tracking.md","assets/images-staged/sessions-interest-tracking/step-01.png","Extracted from source tip sheet; legacy screenshot callouts preserved for review.",""
"TipSheets/TipSheets/Cornerstone Tip Sheet - Interest Tracking for Sessions.docx","docs/sessions-interest-tracking.md","assets/images-staged/sessions-interest-tracking/step-02.png","Extracted from source tip sheet; legacy screenshot callouts preserved for review.",""
"TipSheets/TipSheets/Cornerstone Tip Sheet - Interest Tracking for Sessions.docx","docs/sessions-interest-tracking.md","assets/images-staged/sessions-interest-tracking/step-03.png","Extracted from source tip sheet; legacy screenshot callouts preserved for review.",""
"TipSheets/TipSheets/Cornerstone Tip Sheet - Interest Tracking for Sessions.docx","docs/sessions-interest-tracking.md","assets/images-staged/sessions-interest-tracking/step-04.png","Extracted from source tip sheet; legacy screenshot callouts preserved for review.",""
"TipSheets/TipSheets/Cornerstone Tip Sheet - Interest Tracking for Sessions.docx","docs/sessions-interest-tracking.md","assets/images-staged/sessions-interest-tracking/step-05.png","Extracted from source tip sheet; legacy screenshot callouts preserved for review.",""
"TipSheets/TipSheets/Cornerstone Tip Sheet - Interest Tracking for Sessions.docx","docs/sessions-interest-tracking.md","assets/images-staged/sessions-interest-tracking/step-06.png","Extracted from source tip sheet; legacy screenshot callouts preserved for review.",""
"TipSheets/TipSheets/Cornerstone Tip Sheet - Interest Tracking for Sessions.docx","docs/sessions-interest-tracking.md","assets/images-staged/sessions-interest-tracking/step-07.png","Extracted from source tip sheet; legacy screenshot callouts preserved for review.",""
"TipSheets/TipSheets/Cornerstone Tip Sheet - Interest Tracking for Sessions.docx","docs/sessions-interest-tracking.md","assets/images-staged/sessions-interest-tracking/step-08.png","Extracted from source tip sheet; legacy screenshot callouts preserved for review.",""
"TipSheets/TipSheets/Cornerstone Tip Sheet - Lippincott Professional Development CE Certificate.docx","docs/learner-lippincott-ce-certificate.md","assets/images-staged/learner-lippincott-ce-certificate/step-03.png","Extracted from source tip sheet; legacy screenshot callouts preserved for review.",""
"TipSheets/TipSheets/Cornerstone Tip Sheet - Lippincott Professional Development CE Certificate.docx","docs/learner-lippincott-ce-certificate.md","assets/images-staged/learner-lippincott-ce-certificate/step-06.png","Extracted from source tip sheet; legacy screenshot callouts preserved for review.",""
"TipSheets/TipSheets/Cornerstone Tip Sheet - Lippincott Professional Development CE Certificate.docx","docs/learner-lippincott-ce-certificate.md","assets/images-staged/learner-lippincott-ce-certificate/step-08.png","Extracted from source tip sheet; legacy screenshot callouts preserved for review.",""
"TipSheets/TipSheets/Cornerstone Tip Sheet - Lippincott Professional Development CE Certificate.docx","docs/learner-lippincott-ce-certificate.md","assets/images-staged/learner-lippincott-ce-certificate/step-09.png","Extracted from source tip sheet; legacy screenshot callouts preserved for review.",""
"TipSheets/TipSheets/Cornerstone Tip Sheet - Lippincott Professional Development CE Certificate.docx","docs/learner-lippincott-ce-certificate.md","assets/images-staged/learner-lippincott-ce-certificate/step-11.png","Extracted from source tip sheet; legacy screenshot callouts preserved for review.",""
"TipSheets/TipSheets/Cornerstone Tip Sheet - Lippincott Professional Development CE Certificate.docx","docs/learner-lippincott-ce-certificate.md","assets/images-staged/learner-lippincott-ce-certificate/step-13.png","Extracted from source tip sheet; legacy screenshot callouts preserved for review.",""
"TipSheets/TipSheets/Cornerstone Tip Sheet - Lippincott Professional Development CE Certificate.docx","docs/learner-lippincott-ce-certificate.md","assets/images-staged/learner-lippincott-ce-certificate/step-14.png","Extracted from source tip sheet; legacy screenshot callouts preserved for review.",""
"TipSheets/TipSheets/Cornerstone Tip Sheet - Lippincott Professional Development CE Certificate.docx","docs/learner-lippincott-ce-certificate.md","assets/images-staged/learner-lippincott-ce-certificate/step-15.png","Extracted from source tip sheet; legacy screenshot callouts preserved for review.",""
"TipSheets/TipSheets/Cornerstone Tip Sheet - Lippincott Professional Development CE Certificate.docx","docs/learner-lippincott-ce-certificate.md","assets/images-staged/learner-lippincott-ce-certificate/step-16.png","Extracted from source tip sheet; legacy screenshot callouts preserved for review.",""
"TipSheets/TipSheets/Cornerstone Tip Sheet - Manager Dashboard.docx","docs/manager-dashboard.md","assets/images-staged/manager-dashboard/step-01.png","Extracted from source tip sheet; legacy screenshot callouts preserved for review.",""
"TipSheets/TipSheets/Cornerstone Tip Sheet - Manager Dashboard.docx","docs/manager-dashboard.md","assets/images-staged/manager-dashboard/step-02.png","Extracted from source tip sheet; legacy screenshot callouts preserved for review.",""
"TipSheets/TipSheets/Cornerstone Tip Sheet - Marking Session Attendance.docx","docs/sessions-mark-attendance.md","assets/images-staged/sessions-mark-attendance/step-02.png","Extracted from source tip sheet; legacy screenshot callouts preserved for review.",""
"TipSheets/TipSheets/Cornerstone Tip Sheet - Marking Session Attendance.docx","docs/sessions-mark-attendance.md","assets/images-staged/sessions-mark-attendance/step-05.png","Extracted from source tip sheet; legacy screenshot callouts preserved for review.",""
"TipSheets/TipSheets/Cornerstone Tip Sheet - Marking Session Attendance.docx","docs/sessions-mark-attendance.md","assets/images-staged/sessions-mark-attendance/step-07.png","Extracted from source tip sheet; legacy screenshot callouts preserved for review.",""
"TipSheets/TipSheets/Cornerstone Tip Sheet - Marking Session Attendance.docx","docs/sessions-mark-attendance.md","assets/images-staged/sessions-mark-attendance/step-08.png","Extracted from source tip sheet; legacy screenshot callouts preserved for review.",""
"TipSheets/TipSheets/Cornerstone Tip Sheet - Marking Session Attendance.docx","docs/sessions-mark-attendance.md","assets/images-staged/sessions-mark-attendance/step-10.png","Extracted from source tip sheet; legacy screenshot callouts preserved for review.",""
"TipSheets/TipSheets/Cornerstone Tip Sheet - Materials_No Signature Required.docx","docs/content-materials-no-signature-required.md","assets/images-staged/content-materials-no-signature-required/step-02.png","Extracted from source tip sheet; legacy screenshot callouts preserved for review.",""
"TipSheets/TipSheets/Cornerstone Tip Sheet - Materials_No Signature Required.docx","docs/content-materials-no-signature-required.md","assets/images-staged/content-materials-no-signature-required/step-03.png","Extracted from source tip sheet; legacy screenshot callouts preserved for review.",""
"TipSheets/TipSheets/Cornerstone Tip Sheet - Materials_No Signature Required.docx","docs/content-materials-no-signature-required.md","assets/images-staged/content-materials-no-signature-required/step-04.png","Extracted from source tip sheet; legacy screenshot callouts preserved for review.",""
"TipSheets/TipSheets/Cornerstone Tip Sheet - Materials_No Signature Required.docx","docs/content-materials-no-signature-required.md","assets/images-staged/content-materials-no-signature-required/step-05.png","Extracted from source tip sheet; legacy screenshot callouts preserved for review.",""
"TipSheets/TipSheets/Cornerstone Tip Sheet - Mobile App.docx","docs/learner-mobile-app.md","assets/images-staged/learner-mobile-app/step-01.png","Extracted from source tip sheet; legacy screenshot callouts preserved for review.",""
"TipSheets/TipSheets/Cornerstone Tip Sheet - Mobile App.docx","docs/learner-mobile-app.md","assets/images-staged/learner-mobile-app/step-02.png","Extracted from source tip sheet; legacy screenshot callouts preserved for review.",""
"TipSheets/TipSheets/Cornerstone Tip Sheet - Mobile App.docx","docs/learner-mobile-app.md","assets/images-staged/learner-mobile-app/step-03.png","Extracted from source tip sheet; legacy screenshot callouts preserved for review.",""
"TipSheets/TipSheets/Cornerstone Tip Sheet - Mobile App.docx","docs/learner-mobile-app.md","assets/images-staged/learner-mobile-app/step-04.png","Extracted from source tip sheet; legacy screenshot callouts preserved for review.",""
"TipSheets/TipSheets/Cornerstone Tip Sheet - Mobile App.docx","docs/learner-mobile-app.md","assets/images-staged/learner-mobile-app/step-05.png","Extracted from source tip sheet; legacy screenshot callouts preserved for review.",""
"TipSheets/TipSheets/Cornerstone Tip Sheet - Mobile App.docx","docs/learner-mobile-app.md","assets/images-staged/learner-mobile-app/step-06.png","Extracted from source tip sheet; legacy screenshot callouts preserved for review.",""
"TipSheets/TipSheets/Cornerstone Tip Sheet - Mobile App.docx","docs/learner-mobile-app.md","assets/images-staged/learner-mobile-app/step-07.png","Extracted from source tip sheet; legacy screenshot callouts preserved for review.",""
"TipSheets/TipSheets/Cornerstone Tip Sheet - Mobile App.docx","docs/learner-mobile-app.md","assets/images-staged/learner-mobile-app/step-08.png","Extracted from source tip sheet; legacy screenshot callouts preserved for review.",""
"TipSheets/TipSheets/Cornerstone Tip Sheet - Mobile App.docx","docs/learner-mobile-app.md","assets/images-staged/learner-mobile-app/step-09.png","Extracted from source tip sheet; legacy screenshot callouts preserved for review.",""
"TipSheets/TipSheets/Cornerstone Tip Sheet - Mobile App.docx","docs/learner-mobile-app.md","assets/images-staged/learner-mobile-app/step-10.png","Extracted from source tip sheet; legacy screenshot callouts preserved for review.",""
"TipSheets/TipSheets/Cornerstone Tip Sheet - Mobile App.docx","docs/learner-mobile-app.md","assets/images-staged/learner-mobile-app/step-11.png","Extracted from source tip sheet; legacy screenshot callouts preserved for review.",""
"TipSheets/TipSheets/Cornerstone Tip Sheet - Mobile App.docx","docs/learner-mobile-app.md","assets/images-staged/learner-mobile-app/step-12.png","Extracted from source tip sheet; legacy screenshot callouts preserved for review.",""
"TipSheets/TipSheets/Cornerstone Tip Sheet - Mobile App.docx","docs/learner-mobile-app.md","assets/images-staged/learner-mobile-app/step-13.png","Extracted from source tip sheet; legacy screenshot callouts preserved for review.",""
"TipSheets/TipSheets/Cornerstone Tip Sheet - Mobile App.docx","docs/learner-mobile-app.md","assets/images-staged/learner-mobile-app/step-14.png","Extracted from source tip sheet; legacy screenshot callouts preserved for review.",""
"TipSheets/TipSheets/Cornerstone Tip Sheet - Mobile App.docx","docs/learner-mobile-app.md","assets/images-staged/learner-mobile-app/step-15.png","Extracted from source tip sheet; legacy screenshot callouts preserved for review.",""
"TipSheets/TipSheets/Cornerstone Tip Sheet - Mobile App.docx","docs/learner-mobile-app.md","assets/images-staged/learner-mobile-app/step-16.png","Extracted from source tip sheet; legacy screenshot callouts preserved for review.",""
"TipSheets/TipSheets/Cornerstone Tip Sheet - Mobile App.docx","docs/learner-mobile-app.md","assets/images-staged/learner-mobile-app/step-17.png","Extracted from source tip sheet; legacy screenshot callouts preserved for review.",""
"TipSheets/TipSheets/Cornerstone Tip Sheet - Mobile App.docx","docs/learner-mobile-app.md","assets/images-staged/learner-mobile-app/step-18.png","Extracted from source tip sheet; legacy screenshot callouts preserved for review.",""
"TipSheets/TipSheets/Cornerstone Tip Sheet - Mobile App.docx","docs/learner-mobile-app.md","assets/images-staged/learner-mobile-app/step-19.png","Extracted from source tip sheet; legacy screenshot callouts preserved for review.",""
"TipSheets/TipSheets/Cornerstone Tip Sheet - Mobile App.docx","docs/learner-mobile-app.md","assets/images-staged/learner-mobile-app/step-20.png","Extracted from source tip sheet; legacy screenshot callouts preserved for review.",""
"TipSheets/TipSheets/Cornerstone Tip Sheet - Ongoing Competency 2025 Learning Assignment Tool.docx","docs/ongoing-competency-2025-learning-assignment-tool.md","assets/images-staged/ongoing-competency-2025-learning-assignment-tool/step-01.png","Extracted from source tip sheet; legacy screenshot callouts preserved for review.",""
"TipSheets/TipSheets/Cornerstone Tip Sheet - Ongoing Competency 2025 Learning Assignment Tool.docx","docs/ongoing-competency-2025-learning-assignment-tool.md","assets/images-staged/ongoing-competency-2025-learning-assignment-tool/step-02.png","Extracted from source tip sheet; legacy screenshot callouts preserved for review.",""
"TipSheets/TipSheets/Cornerstone Tip Sheet - Ongoing Competency 2025 Learning Assignment Tool.docx","docs/ongoing-competency-2025-learning-assignment-tool.md","assets/images-staged/ongoing-competency-2025-learning-assignment-tool/step-03.png","Extracted from source tip sheet; legacy screenshot callouts preserved for review.",""
"TipSheets/TipSheets/Cornerstone Tip Sheet - Ongoing Competency 2025 Learning Assignment Tool.docx","docs/ongoing-competency-2025-learning-assignment-tool.md","assets/images-staged/ongoing-competency-2025-learning-assignment-tool/step-04.png","Extracted from source tip sheet; legacy screenshot callouts preserved for review.",""
"TipSheets/TipSheets/Cornerstone Tip Sheet - Ongoing Competency 2025 Learning Assignment Tool.docx","docs/ongoing-competency-2025-learning-assignment-tool.md","assets/images-staged/ongoing-competency-2025-learning-assignment-tool/step-05.png","Extracted from source tip sheet; legacy screenshot callouts preserved for review.",""
"TipSheets/TipSheets/Cornerstone Tip Sheet - Ongoing Competency 2025 Learning Assignment Tool.docx","docs/ongoing-competency-2025-learning-assignment-tool.md","assets/images-staged/ongoing-competency-2025-learning-assignment-tool/step-06.png","Extracted from source tip sheet; legacy screenshot callouts preserved for review.",""
"TipSheets/TipSheets/Cornerstone Tip Sheet - Ongoing Competency 2025 Learning Assignment Tool.docx","docs/ongoing-competency-2025-learning-assignment-tool.md","assets/images-staged/ongoing-competency-2025-learning-assignment-tool/step-07.png","Extracted from source tip sheet; legacy screenshot callouts preserved for review.",""
"TipSheets/TipSheets/Cornerstone Tip Sheet - Ongoing Competency 2025 Learning Assignment Tool.docx","docs/ongoing-competency-2025-learning-assignment-tool.md","assets/images-staged/ongoing-competency-2025-learning-assignment-tool/step-08.png","Extracted from source tip sheet; legacy screenshot callouts preserved for review.",""
"TipSheets/TipSheets/Cornerstone Tip Sheet - Printing Certificate (Admin).docx","docs/reports-print-certificate-admin.md","assets/images-staged/reports-print-certificate-admin/step-01.png","Extracted from source tip sheet; legacy screenshot callouts preserved for review.",""
"TipSheets/TipSheets/Cornerstone Tip Sheet - Printing Certificate (Learner).docx","docs/learner-print-certificate.md","assets/images-staged/learner-print-certificate/step-01.png","Extracted from source tip sheet; legacy screenshot callouts preserved for review.",""
"TipSheets/TipSheets/Cornerstone Tip Sheet - Printing Certificate (Learner).docx","docs/learner-print-certificate.md","assets/images-staged/learner-print-certificate/step-02.png","Extracted from source tip sheet; legacy screenshot callouts preserved for review.",""
"TipSheets/TipSheets/Cornerstone Tip Sheet - Printing Certificate (Learner).docx","docs/learner-print-certificate.md","assets/images-staged/learner-print-certificate/step-03.png","Extracted from source tip sheet; legacy screenshot callouts preserved for review.",""
"TipSheets/TipSheets/Cornerstone Tip Sheet - Printing Certificate (Learner).docx","docs/learner-print-certificate.md","assets/images-staged/learner-print-certificate/step-04.png","Extracted from source tip sheet; legacy screenshot callouts preserved for review.",""
"TipSheets/TipSheets/Cornerstone Tip Sheet - Printing Certificate from a Curriculum.docx","docs/learner-print-certificate-from-curriculum.md","assets/images-staged/learner-print-certificate-from-curriculum/step-01.png","Extracted from source tip sheet; legacy screenshot callouts preserved for review.",""
"TipSheets/TipSheets/Cornerstone Tip Sheet - Printing Certificate from a Curriculum.docx","docs/learner-print-certificate-from-curriculum.md","assets/images-staged/learner-print-certificate-from-curriculum/step-02.png","Extracted from source tip sheet; legacy screenshot callouts preserved for review.",""
"TipSheets/TipSheets/Cornerstone Tip Sheet - Printing Certificate from a Curriculum.docx","docs/learner-print-certificate-from-curriculum.md","assets/images-staged/learner-print-certificate-from-curriculum/step-03.png","Extracted from source tip sheet; legacy screenshot callouts preserved for review.",""
"TipSheets/TipSheets/Cornerstone Tip Sheet - Printing Certificate from a Curriculum.docx","docs/learner-print-certificate-from-curriculum.md","assets/images-staged/learner-print-certificate-from-curriculum/step-04.png","Extracted from source tip sheet; legacy screenshot callouts preserved for review.",""
"TipSheets/TipSheets/Cornerstone Tip Sheet - Printing Certificate from a Curriculum.docx","docs/learner-print-certificate-from-curriculum.md","assets/images-staged/learner-print-certificate-from-curriculum/step-05.png","Extracted from source tip sheet; legacy screenshot callouts preserved for review.",""
"TipSheets/TipSheets/Cornerstone Tip Sheet - Printing Certificate from a Curriculum.docx","docs/learner-print-certificate-from-curriculum.md","assets/images-staged/learner-print-certificate-from-curriculum/step-06.png","Extracted from source tip sheet; legacy screenshot callouts preserved for review.",""
"TipSheets/TipSheets/Cornerstone Tip Sheet - Printing POCT Transcript Report.docx","docs/reports-print-poct-transcript.md","assets/images-staged/reports-print-poct-transcript/step-02.png","Extracted from source tip sheet; legacy screenshot callouts preserved for review.",""
"TipSheets/TipSheets/Cornerstone Tip Sheet - Printing POCT Transcript Report.docx","docs/reports-print-poct-transcript.md","assets/images-staged/reports-print-poct-transcript/step-03.png","Extracted from source tip sheet; legacy screenshot callouts preserved for review.",""
"TipSheets/TipSheets/Cornerstone Tip Sheet - Printing POCT Transcript Report.docx","docs/reports-print-poct-transcript.md","assets/images-staged/reports-print-poct-transcript/step-04.png","Extracted from source tip sheet; legacy screenshot callouts preserved for review.",""
"TipSheets/TipSheets/Cornerstone Tip Sheet - Remove Self Requested Training.docx","docs/learner-remove-self-requested-training.md","assets/images-staged/learner-remove-self-requested-training/step-01.png","Extracted from source tip sheet; legacy screenshot callouts preserved for review.",""
"TipSheets/TipSheets/Cornerstone Tip Sheet - Remove Self Requested Training.docx","docs/learner-remove-self-requested-training.md","assets/images-staged/learner-remove-self-requested-training/step-02.png","Extracted from source tip sheet; legacy screenshot callouts preserved for review.",""
"TipSheets/TipSheets/Cornerstone Tip Sheet - Remove Training.docx","docs/admin-remove-training.md","assets/images-staged/admin-remove-training/step-01.png","Extracted from source tip sheet; legacy screenshot callouts preserved for review.",""
"TipSheets/TipSheets/Cornerstone Tip Sheet - Remove Training.docx","docs/admin-remove-training.md","assets/images-staged/admin-remove-training/step-02.png","Extracted from source tip sheet; legacy screenshot callouts preserved for review.",""
"TipSheets/TipSheets/Cornerstone Tip Sheet - Requesting (self-enroll).docx","docs/learner-request-training-self-enroll.md","assets/images-staged/learner-request-training-self-enroll/step-01.png","Extracted from source tip sheet; legacy screenshot callouts preserved for review.",""
"TipSheets/TipSheets/Cornerstone Tip Sheet - Requesting (self-enroll).docx","docs/learner-request-training-self-enroll.md","assets/images-staged/learner-request-training-self-enroll/step-02.png","Extracted from source tip sheet; legacy screenshot callouts preserved for review.",""
"TipSheets/TipSheets/Cornerstone Tip Sheet - Requesting (self-enroll).docx","docs/learner-request-training-self-enroll.md","assets/images-staged/learner-request-training-self-enroll/step-03.png","Extracted from source tip sheet; legacy screenshot callouts preserved for review.",""
"TipSheets/TipSheets/Cornerstone Tip Sheet - Requesting (self-enroll).docx","docs/learner-request-training-self-enroll.md","assets/images-staged/learner-request-training-self-enroll/step-04.png","Extracted from source tip sheet; legacy screenshot callouts preserved for review.",""
"TipSheets/TipSheets/Cornerstone Tip Sheet - Review Test Results.docx","docs/tests-review-test-results.md","assets/images-staged/tests-review-test-results/step-01.png","Extracted from source tip sheet; legacy screenshot callouts preserved for review.",""
"TipSheets/TipSheets/Cornerstone Tip Sheet - Review Test Results.docx","docs/tests-review-test-results.md","assets/images-staged/tests-review-test-results/step-02.png","Extracted from source tip sheet; legacy screenshot callouts preserved for review.",""
"TipSheets/TipSheets/Cornerstone Tip Sheet - Review Test Results.docx","docs/tests-review-test-results.md","assets/images-staged/tests-review-test-results/step-03.png","Extracted from source tip sheet; legacy screenshot callouts preserved for review.",""
"TipSheets/TipSheets/Cornerstone Tip Sheet - Review Test Results.docx","docs/tests-review-test-results.md","assets/images-staged/tests-review-test-results/step-04.png","Extracted from source tip sheet; legacy screenshot callouts preserved for review.",""
"TipSheets/TipSheets/Cornerstone Tip Sheet - Review Test Results.docx","docs/tests-review-test-results.md","assets/images-staged/tests-review-test-results/step-05.png","Extracted from source tip sheet; legacy screenshot callouts preserved for review.",""
"TipSheets/TipSheets/Cornerstone Tip Sheet - Run Standard Reports.docx","docs/reports-run-standard-reports.md","assets/images-staged/reports-run-standard-reports/step-01.png","Extracted from source tip sheet; legacy screenshot callouts preserved for review.",""
"TipSheets/TipSheets/Cornerstone Tip Sheet - Run Standard Reports.docx","docs/reports-run-standard-reports.md","assets/images-staged/reports-run-standard-reports/step-02.png","Extracted from source tip sheet; legacy screenshot callouts preserved for review.",""
"TipSheets/TipSheets/Cornerstone Tip Sheet - Run Standard Reports.docx","docs/reports-run-standard-reports.md","assets/images-staged/reports-run-standard-reports/step-03.png","Extracted from source tip sheet; legacy screenshot callouts preserved for review.",""
"TipSheets/TipSheets/Cornerstone Tip Sheet - Run Standard Reports.docx","docs/reports-run-standard-reports.md","assets/images-staged/reports-run-standard-reports/step-04.png","Extracted from source tip sheet; legacy screenshot callouts preserved for review.",""
"TipSheets/TipSheets/Cornerstone Tip Sheet - Tests_AutoPass Option.docx","docs/tests-autopass-option.md","assets/images-staged/tests-autopass-option/step-02.png","Extracted from source tip sheet; legacy screenshot callouts preserved for review.",""
"TipSheets/TipSheets/Cornerstone Tip Sheet - Tests_AutoPass Option.docx","docs/tests-autopass-option.md","assets/images-staged/tests-autopass-option/step-03.png","Extracted from source tip sheet; legacy screenshot callouts preserved for review.",""
"TipSheets/TipSheets/Cornerstone Tip Sheet - Tests_AutoPass Option.docx","docs/tests-autopass-option.md","assets/images-staged/tests-autopass-option/step-04.png","Extracted from source tip sheet; legacy screenshot callouts preserved for review.",""
"TipSheets/TipSheets/Cornerstone Tip Sheet - Tests_AutoPass Option.docx","docs/tests-autopass-option.md","assets/images-staged/tests-autopass-option/step-05.png","Extracted from source tip sheet; legacy screenshot callouts preserved for review.",""
"TipSheets/TipSheets/Cornerstone Tip Sheet - View Training Details.docx","docs/learner-view-training-details.md","assets/images-staged/learner-view-training-details/step-01.png","Extracted from source tip sheet; legacy screenshot callouts preserved for review.",""
"TipSheets/TipSheets/Cornerstone Tip Sheet - View Training Details.docx","docs/learner-view-training-details.md","assets/images-staged/learner-view-training-details/step-02.png","Extracted from source tip sheet; legacy screenshot callouts preserved for review.",""
"TipSheets/TipSheets/Cornerstone Tip Sheet - Withdraw from a Session.docx","docs/sessions-withdraw-from-session.md","assets/images-staged/sessions-withdraw-from-session/step-01.png","Extracted from source tip sheet; legacy screenshot callouts preserved for review.",""
"TipSheets/TipSheets/Cornerstone Tip Sheet - Withdraw from a Session.docx","docs/sessions-withdraw-from-session.md","assets/images-staged/sessions-withdraw-from-session/step-02.png","Extracted from source tip sheet; legacy screenshot callouts preserved for review.",""
"TipSheets/TipSheets/Pharmacy Certification Upload Tip Sheet.docx","docs/learner-pharmacy-certification-upload.md","assets/images-staged/learner-pharmacy-certification-upload/step-01.png","Extracted from source tip sheet; legacy screenshot callouts preserved for review.",""
"TipSheets/TipSheets/Pharmacy Certification Upload Tip Sheet.docx","docs/learner-pharmacy-certification-upload.md","assets/images-staged/learner-pharmacy-certification-upload/step-02.png","Extracted from source tip sheet; legacy screenshot callouts preserved for review.",""
"TipSheets/TipSheets/Pharmacy Certification Upload Tip Sheet.docx","docs/learner-pharmacy-certification-upload.md","assets/images-staged/learner-pharmacy-certification-upload/step-03.png","Extracted from source tip sheet; legacy screenshot callouts preserved for review.",""
"TipSheets/TipSheets/Pharmacy Certification Upload Tip Sheet.docx","docs/learner-pharmacy-certification-upload.md","assets/images-staged/learner-pharmacy-certification-upload/step-04.png","Extracted from source tip sheet; legacy screenshot callouts preserved for review.",""
"TipSheets/TipSheets/Pharmacy Certification Upload Tip Sheet.docx","docs/learner-pharmacy-certification-upload.md","assets/images-staged/learner-pharmacy-certification-upload/step-05.png","Extracted from source tip sheet; legacy screenshot callouts preserved for review.",""
"TipSheets/TipSheets/Pharmacy Certification Upload Tip Sheet.docx","docs/learner-pharmacy-certification-upload.md","assets/images-staged/learner-pharmacy-certification-upload/step-06.png","Extracted from source tip sheet; legacy screenshot callouts preserved for review.",""
"TipSheets/TipSheets/Pharmacy Certification Upload Tip Sheet.docx","docs/learner-pharmacy-certification-upload.md","assets/images-staged/learner-pharmacy-certification-upload/step-07.png","Extracted from source tip sheet; legacy screenshot callouts preserved for review.",""
"TipSheets/TipSheets/Cornerstone Tip Sheet - Common Reports.pdf","docs/reports-common-reports.md","assets/images-staged/reports-common-reports/step-01.png","Rendered from PDF-only source page for review.",""
"TipSheets/TipSheets/Cornerstone Tip Sheet - Common Reports.pdf","docs/reports-common-reports.md","assets/images-staged/reports-common-reports/step-02.png","Rendered from PDF-only source page for review.",""
"TipSheets/TipSheets/Cornerstone Tip Sheet - Common Reports.pdf","docs/reports-common-reports.md","assets/images-staged/reports-common-reports/step-03.png","Rendered from PDF-only source page for review.",""
"TipSheets/TipSheets/Cornerstone Tip Sheet - Common Reports.pdf","docs/reports-common-reports.md","assets/images-staged/reports-common-reports/step-04.png","Rendered from PDF-only source page for review.",""
"2026 Ongoing Competency reference pages","docs/how-to-assign.md","assets/images-staged/ongoing-competency-2026/assign-1.png","Localized from Ongoing Competency 2026 image archive; legacy screenshot callouts preserved for review.",""
"2026 Ongoing Competency reference pages","docs/how-to-assign.md","assets/images-staged/ongoing-competency-2026/assign-2.png","Localized from Ongoing Competency 2026 image archive; legacy screenshot callouts preserved for review.",""
"2026 Ongoing Competency reference pages","docs/how-to-assign.md","assets/images-staged/ongoing-competency-2026/assign-3.png","Localized from Ongoing Competency 2026 image archive; legacy screenshot callouts preserved for review.",""
"2026 Ongoing Competency reference pages","docs/how-to-assign.md","assets/images-staged/ongoing-competency-2026/assign-4.png","Localized from Ongoing Competency 2026 image archive; legacy screenshot callouts preserved for review.",""
"2026 Ongoing Competency reference pages","docs/how-to-assign.md","assets/images-staged/ongoing-competency-2026/assign-5.png","Localized from Ongoing Competency 2026 image archive; legacy screenshot callouts preserved for review.",""
"2026 Ongoing Competency reference pages","docs/how-to-assign.md","assets/images-staged/ongoing-competency-2026/assign-6.png","Localized from Ongoing Competency 2026 image archive; legacy screenshot callouts preserved for review.",""
"2026 Ongoing Competency reference pages","docs/how-to-create-curriculum.md","assets/images-staged/ongoing-competency-2026/create-curriculum-1.png","Localized from Ongoing Competency 2026 image archive; legacy screenshot callouts preserved for review.",""
"2026 Ongoing Competency reference pages","docs/how-to-create-curriculum.md","assets/images-staged/ongoing-competency-2026/create-curriculum-4.png","Localized from Ongoing Competency 2026 image archive; legacy screenshot callouts preserved for review.",""
"2026 Ongoing Competency reference pages","docs/how-to-create-curriculum.md","assets/images-staged/ongoing-competency-2026/create-curriculum-3.png","Localized from Ongoing Competency 2026 image archive; legacy screenshot callouts preserved for review.",""
"2026 Ongoing Competency reference pages","docs/how-to-create-curriculum.md","assets/images-staged/ongoing-competency-2026/create-curriculum-2.png","Localized from Ongoing Competency 2026 image archive; legacy screenshot callouts preserved for review.",""
"2026 Ongoing Competency reference pages","docs/how-to-create-curriculum.md","assets/images-staged/ongoing-competency-2026/create-curriculum-4.png","Localized from Ongoing Competency 2026 image archive; legacy screenshot callouts preserved for review.",""
"2026 Ongoing Competency reference pages","docs/how-to-create-curriculum.md","assets/images-staged/ongoing-competency-2026/create-curriculum-5.png","Localized from Ongoing Competency 2026 image archive; legacy screenshot callouts preserved for review.",""
"2026 Ongoing Competency reference pages","docs/how-to-create-curriculum.md","assets/images-staged/ongoing-competency-2026/create-curriculum-6.png","Localized from Ongoing Competency 2026 image archive; legacy screenshot callouts preserved for review.",""
"2026 Ongoing Competency reference pages","docs/how-to-create-curriculum.md","assets/images-staged/ongoing-competency-2026/create-curriculum-7.png","Localized from Ongoing Competency 2026 image archive; legacy screenshot callouts preserved for review.",""
"2026 Ongoing Competency reference pages","docs/how-to-create-evaluation.md","assets/images-staged/ongoing-competency-2026/create-eval-1.png","Localized from Ongoing Competency 2026 image archive; legacy screenshot callouts preserved for review.",""
"2026 Ongoing Competency reference pages","docs/how-to-create-evaluation.md","assets/images-staged/ongoing-competency-2026/create-eval-2.png","Localized from Ongoing Competency 2026 image archive; legacy screenshot callouts preserved for review.",""
"2026 Ongoing Competency reference pages","docs/how-to-create-evaluation.md","assets/images-staged/ongoing-competency-2026/create-eval-3.png","Localized from Ongoing Competency 2026 image archive; legacy screenshot callouts preserved for review.",""
"2026 Ongoing Competency reference pages","docs/how-to-create-evaluation.md","assets/images-staged/ongoing-competency-2026/create-eval-4.png","Localized from Ongoing Competency 2026 image archive; legacy screenshot callouts preserved for review.",""
"2026 Ongoing Competency reference pages","docs/how-to-create-evaluation.md","assets/images-staged/ongoing-competency-2026/create-eval-5.png","Localized from Ongoing Competency 2026 image archive; legacy screenshot callouts preserved for review.",""
"2026 Ongoing Competency reference pages","docs/how-to-create-evaluation.md","assets/images-staged/ongoing-competency-2026/create-eval-6.png","Localized from Ongoing Competency 2026 image archive; legacy screenshot callouts preserved for review.",""
"2026 Ongoing Competency reference pages","docs/how-to-create-evaluation.md","assets/images-staged/ongoing-competency-2026/create-eval-7.png","Localized from Ongoing Competency 2026 image archive; legacy screenshot callouts preserved for review.",""
"2026 Ongoing Competency reference pages","docs/how-to-create-material.md","assets/images-staged/ongoing-competency-2026/create-material-1.png","Localized from Ongoing Competency 2026 image archive; legacy screenshot callouts preserved for review.",""
"2026 Ongoing Competency reference pages","docs/how-to-create-test.md","assets/images-staged/ongoing-competency-2026/create-questions-1.png","Localized from Ongoing Competency 2026 image archive; legacy screenshot callouts preserved for review.",""
"2026 Ongoing Competency reference pages","docs/how-to-create-test.md","assets/images-staged/ongoing-competency-2026/create-questions-2.png","Localized from Ongoing Competency 2026 image archive; legacy screenshot callouts preserved for review.",""
"2026 Ongoing Competency reference pages","docs/how-to-create-test.md","assets/images-staged/ongoing-competency-2026/create-questions-3.png","Localized from Ongoing Competency 2026 image archive; legacy screenshot callouts preserved for review.",""
"2026 Ongoing Competency reference pages","docs/how-to-create-test.md","assets/images-staged/ongoing-competency-2026/create-questions-4.png","Localized from Ongoing Competency 2026 image archive; legacy screenshot callouts preserved for review.",""
"2026 Ongoing Competency reference pages","docs/how-to-create-test.md","assets/images-staged/ongoing-competency-2026/create-questions-5.png","Localized from Ongoing Competency 2026 image archive; legacy screenshot callouts preserved for review.",""
"2026 Ongoing Competency reference pages","docs/how-to-reversion-curriculum.md","assets/images-staged/ongoing-competency-2026/reversion-curriculum-1.png","Localized from Ongoing Competency 2026 image archive; legacy screenshot callouts preserved for review.",""
"2026 Ongoing Competency reference pages","docs/how-to-reversion-material.md","assets/images-staged/ongoing-competency-2026/reversion-material-1.png","Localized from Ongoing Competency 2026 image archive; legacy screenshot callouts preserved for review.",""
"2026 Ongoing Competency reference pages","docs/how-to-reversion-material.md","assets/images-staged/ongoing-competency-2026/create-material-1.png","Localized from Ongoing Competency 2026 image archive; legacy screenshot callouts preserved for review.",""
"2026 Ongoing Competency reference pages","docs/how-to-reversion-test.md","assets/images-staged/ongoing-competency-2026/create-curriculum-4.png","Localized from Ongoing Competency 2026 image archive; legacy screenshot callouts preserved for review.",""
